{"mean": [246.2880687775215, 730.2356049486266, 390.902579157056, 41.20830362759489, 346.5800796812749, 64804.57999580625, 193.15273642273013, 371.4977563430489, 487.8031033759698, 377.0728035227511, 272.959823862445, 419.6344306982596, 477.3970643740826, 378.0616900817781, 465.6012161878801, 173.73151604109876, 1113.60553575173, 4.126022226881946, 1656823918.5058923, 1191040.9586076746, 712391.2119521912, 224.3670371146991, 1180.0781715244286, 272.87259383518557, 20.095743342419794, 3.4798490249528204, 1635723.2101488782, 2116240.926106102, 288954.6644998952, 525390.1068148459, 116540.08941077795, 68453854.00981338, 5756.730886978402, 1195.2607255189766, 4.324302788844622, 0.08693646466764521, 16.158985112182847, 0.464122457538268, 4.402096875655274, 0.09893059341581044, 1876403.45665758, 1460.3755923673725, 1144599.426085133, 2.0772069616271756, 23385.35047179702, 1090228.7090794716, 1063967.594925561, 4098.07116795974, 15.991528622352694, 0.0010484378276368212, 0.5188509121409101, 0.29524009226252884, 0.8262948207171315], "std": [1462.288360869953, 6473.728585234064, 3572.759442585732, 1216.0014986505216, 3102.0673599209626, 6357.930494354965, 1792.3678855367673, 2288.664009930561, 4580.260749570511, 3784.391366698139, 3000.6916495461087, 3579.587005821051, 4533.654152394118, 3948.722004947025, 4611.846687557048, 52.9347335951379, 5100.976043917005, 2.104287759445733, 640985033.7600733, 45760397.65788108, 42251582.80286218, 2.3953867311185753, 5399.90447921655, 38.326187697897204, 22.996086184044245, 10.160435743410495, 73575125.93818957, 62461228.95759397, 27953249.757275514, 13435582.814481089, 2801436.327293767, 579711244.64059, 2011.0511266746714, 1411.9619315122548, 0.7698765204471263, 0.32987671936464147, 662.0308753080021, 29.28839869367976, 0.7369098132150455, 0.35170988314392826, 6685949.601608157, 1374.8312207542765, 43181535.26365886, 0.2669195509951929, 15741.30374940187, 570152.0156291029, 228766.6760904156, 242.93877346067157, 0.1008017309300396, 0.0323626112320746, 0.4996445167431098, 0.4561506112933998, 0.37885576407542626], "feature_names": ["e_cblp", "e_cp", "e_crlc", "e_cparhdr", "e_minalloc", "e_maxalloc", "e_ss", "e_sp", "e_csum", "e_ip", "e_cs", "e_lfarlc", "e_ovno", "e_oemid", "e_oeminfo", "e_lfanew", "Machine", "NumberOfSections", "TimeDateStamp", "PointerToSymbolTable", "NumberOfSymbols", "SizeOfOptionalHeader", "Characteristics", "Magic", "MajorLinkerVersion", "MinorLinkerVersion", "SizeOfCode", "SizeOfInitializedData", "SizeOfUninitializedData", "AddressOfEntryPoint", "BaseOfCode", "ImageBase", "SectionAlignment", "FileAlignment", "MajorOperatingSystemVersion", "MinorOperatingSystemVersion", "MajorImageVersion", "MinorImageVersion", "MajorSubsystemVersion", "MinorSubsystemVersion", "SizeOfImage", "SizeOfHeaders", "CheckSum", "Subsystem", "DllCharacteristics", "SizeOfStackReserve", "SizeOfHeapReserve", "SizeOfHeapCommit", "NumberOfRvaAndSizes", "Reserved1_flag", "CheckSum_is_zero", "DllChar_is_zero", "MajorImageVer_is_zero"]}